果物,赤い,丸い,甘い,青森
針,回る,時間,デジタル,アナログ
黄色,でんき,ネズミ,10万ボルト,ポケモン
球体,スポーツ,転がる,投げる,蹴る
秋,果物,モンブラン,ごはん,いが
麺,きつね,カレー,香川県,白い
麺,ざる,わんこ,ソーキ,ソース
夏と冬,4年に1度,スポーツ,金メダル
磯部,ずんだ,きなこ,あんこ,桜
みたらし,３色,ごま,お月見,よもぎ
かけっこ,リレー,玉入れ,綱引き,応援団
滑り台,ブランコ,砂場,鉄棒,シーソー
凧あげ,羽根つき,お年玉,おせち,初詣
夜,うさぎ,丸い,十五夜,スッポン
ケーキ,プレゼント,サンタ,靴下,ツリー
春,ピンク,花,入学式,卒業式
冬,首,巻く,長い,温かい
パンチ,ジャム,バター,チーズ,アニメ
花,赤,白,黄色,球根
花,トゲ,花束,お茶
ゲーム,白,黒,挟む,裏返す
薄い,ジャガイモ,揚げる,お菓子
ボタン,建物,乗る,上下,自動
野菜,緑,苦い,夏,肉詰め
花,母の日,ピンク,オレンジ,赤
ピン,ボール,ストライク,スペア,ガター
ハンバーガー,メジャーリーグ,ハリウッド,ニューヨーク,星条旗
豆,茶色,ねばねば,混ぜる,ごはん
インド,スパイス,辛い,ライス,ナン
スポーツ,9人,バット,グローブ,ボール
書く,削る,お絵描き,HB,とがっている
スポーツ,ワールドカップ,11人,蹴る,ゴール
茶色,お菓子,甘い,バレンタイン,板
スポーツ,ラケット,錦織圭,大坂なおみ,サーブ
スポーツ,羽根,室内,桃田賢斗,潮田玲子
スポーツ,ラケット,体育館,福原愛,張本智和
アニメ,お尻,ぶりぶりざえもん,チョコビ,のはら
青,ロボット,猫,どら焼き,どこでもドア
乗り物,速い,ガタンゴトン,駅,線路
首都,スカイツリー,都会,もんじゃ焼き,23区
たこ焼き,お笑い,お好み焼き,関西弁,あべのハルカス
宮島,お好み焼き,もみじ饅頭,原爆ドーム,カープ
鬼,呼吸,柱,マンガ,アニメ
花,長い,黄色,種,太陽を向く
北,広い,寒い,なまら,雪
南,島,暑い,ゴーヤー,ちんすこう
黒,白,警察,サイレン,ランプ
ネズミ,黒,夢の国,ディズニー,キャラクター
果物,黄色,猿,南国,長い
水,塩,青い,広い,魚